{"2": 0.13483461013501216, "3": 0.019068817779690387, "5": 0.8444789015715719}