{"1": 0.09997378576256655, "2": 0.12946258793800683, "3": 0.1937051455188776, "5": 0.5646110405340301}