{"0": 0.642019394311018, "3": 0.046332007504302386, "5": 0.31000117711082864}