{"0": 0.6526851403685204, "2": 0.3385407273046321}