{"0": 0.2732620274141148, "1": 0.2888509395567253, "2": 0.43626997772505677}