{"0": 0.2840680124983936, "1": 0.30039861461042877, "3": 0.4140530828713184}