{"0": 0.09508475308750042, "1": 0.8500929791129163, "2": 0.03507687979328264, "5": 0.01930230718171634}