{"0": 0.06444208013979448, "1": 0.93453861088899}