{"0": 0.1643682088110561, "1": 0.4546163814737895, "2": 0.15381452849625618, "3": 0.14769214897856786, "5": 0.07922749970032733}