{"0": 0.2516876440869484, "1": 0.3027617242244706, "3": 0.442408737084743}