{"1": 0.02533847880631132, "3": 0.10569847599590863, "5": 0.8682676123168316}