{"0": 0.6175527816601895, "3": 0.37907112641428564}