{"0": 0.41418262366676384, "3": 0.5634864244128788, "5": 0.018779800829831165}