{"1": 0.12306435417285728, "5": 0.8759773116623563}