{"0": 0.8006860618739544, "2": 0.10459051212570243, "3": 0.09216549047387244}