{"0": 0.8391196790350358, "1": 0.12014137532966336, "3": 0.039811544267901164}