{"1": 0.57961382120218, "2": 0.1116166596655669, "5": 0.30814493378893537}