{"1": 0.7334585642198754, "2": 0.26304711689178883}