{"1": 0.03658860514298862, "3": 0.6472025640972741}