{"1": 0.42834308267029764, "2": 0.5701723589578856}