{"0": 0.8757348057120059, "1": 0.10576692132609843, "5": 0.01618482028430319}