{"2": 0.16994091615632675, "5": 0.8290820739114799}