{"0": 0.46240843895819533, "1": 0.010389270730520983, "3": 0.45090704054336495, "5": 0.06815703442920648}