{"1": 0.7380867874709816, "3": 0.2858700180895897}