{"0": 0.8006429073410657, "3": 0.08885994087047508, "5": 0.10783500954333636}