{"1": 0.3240722408874598, "2": 0.5064522655985818, "3": 0.048972058371368955, "5": 0.26015107581389435}