{"0": 0.7050454749538676, "5": 0.27926550846249043}