{"0": 0.020869002577717656, "1": 0.02673731656749527, "3": 0.8484072144494479, "5": 0.10330213930260887}