{"2": 0.567210097961244, "3": 0.4321632933580145}