{"0": 0.7666684503082093, "3": 0.10114538342427813, "5": 0.13169785359684788}