{"2": 0.140374924424708, "3": 0.025945350897778417, "5": 0.8331204301791635}