{"0": 0.253760370923745, "1": 0.7132204030885402, "3": 0.0321684960617629}