{"0": 0.2842613972310947, "3": 0.7151268398910415}