{"1": 0.3266566567786313, "2": 0.1464559044831168, "3": 0.49479029721452206}