{"1": 0.22113198347690202, "2": 0.12223963197030513, "3": 0.32155512450598966, "5": 0.32454455709300045}