{"0": 0.1537311159645887, "3": 0.8450881641977127}