{"1": 0.21002410843801417, "3": 0.13417814425394975}