{"0": 0.6249089604817939, "2": 0.374123453047023}