{"3": 0.5593326552205224, "5": 0.4206648930532266}