{"3": 0.3014076210550758, "5": 0.682263238395207}