{"0": 0.2413729880340868, "5": 0.7549053387728245}