{"2": 0.1693701109692368, "3": 0.2677431442915228, "5": 0.560029050242011}