{"0": 0.5212986563575298, "2": 0.07310971876862203, "3": 0.4039997717092023}