{"1": 0.581700724548656, "5": 0.41747349455991045}