{"0": 0.9515522596043983, "2": 0.04223267934693148}