{"0": 0.6617129246703739, "3": 0.20131392435952106, "5": 0.124689643761289}