{"1": 0.2806525237598232, "3": 0.709756766075286}