{"0": 0.16781772484581714, "1": 0.045302110179010494, "3": 0.7819148199036254}