{"0": 0.42314916420303716, "2": 0.23425154627244707, "3": 0.2853371842210619, "5": 0.05319626620078132}