{"0": 0.0434740106128275, "5": 0.9553542771330311}