{"0": 0.32934913602184024, "3": 0.6697876429420646}