{"3": 0.5628800725157217, "5": 0.42600632642081465}