{"0": 0.740618184558456, "5": 0.2581256319475077}