{"1": 0.010301995402372205, "3": 0.028998420016453624, "5": 0.9600761148127721}