{"0": 0.0442973422526246, "3": 0.9548988378911527}