{"0": 0.7976603516261481, "3": 0.20127978075659764}