{"0": 0.3148790369116598, "1": 0.3258009875023367, "3": 0.16817461737783762, "5": 0.18553657783642277}