{"0": 0.4663270967547457, "1": 0.16971434807482758, "2": 0.013455638293574488, "3": 0.08136876971244113, "5": 0.26710318751914497}