{"1": 0.6377216806463585, "2": 0.22581880772555638, "3": 0.13460224902100093}