{"1": 0.6485302341932985, "3": 0.013811700134365851}