{"1": 0.30398565033165076, "3": 0.0802288064241455}