{"3": 0.6208894549601226, "5": 0.3769651709728731}