{"0": 0.9285045789216365, "5": 0.06547926003359966}