{"1": 0.2268382556142661, "5": 0.7643020463131649}