{"0": 0.35883937788270687, "3": 0.37861563424908945, "5": 0.2539008132342976}