{"2": 0.23417153577409666, "3": 0.22412705266248673, "5": 0.5327443952814515}