{"2": 0.5866341134981589, "5": 0.412300370106787}