{"0": 0.06442593344304424, "1": 0.303877041218941, "3": 0.6274017107562501}