{"0": 0.4332875754743995, "2": 0.3728190882727918, "5": 0.1926840226789738}