{"0": 0.23938952404603733, "1": 0.5128985778775222, "2": 0.03774308774633636, "5": 0.20809188899582254}