{"0": 0.04226929938914333, "1": 0.12395854048751041, "3": 0.832910918569496}