{"2": 0.8294500774424088, "5": 0.1682439337142603}